,Musicas,Palavras
259,isso-que-e-vida-part-cantini,E
260,isso-que-e-vida-part-cantini,eu
261,isso-que-e-vida-part-cantini,sei
262,isso-que-e-vida-part-cantini,bem
263,isso-que-e-vida-part-cantini,onde
264,isso-que-e-vida-part-cantini,é
265,isso-que-e-vida-part-cantini,que
266,isso-que-e-vida-part-cantini,isso
267,isso-que-e-vida-part-cantini,vai
268,isso-que-e-vida-part-cantini,dar
269,isso-que-e-vida-part-cantini,Vai
270,isso-que-e-vida-part-cantini,que
271,isso-que-e-vida-part-cantini,o
272,isso-que-e-vida-part-cantini,beijo
273,isso-que-e-vida-part-cantini,"encaixa,"
274,isso-que-e-vida-part-cantini,vai
275,isso-que-e-vida-part-cantini,que
276,isso-que-e-vida-part-cantini,"arrepia,"
277,isso-que-e-vida-part-cantini,tem
278,isso-que-e-vida-part-cantini,ninguém
279,isso-que-e-vida-part-cantini,em
280,isso-que-e-vida-part-cantini,casa
281,isso-que-e-vida-part-cantini,Ela
282,isso-que-e-vida-part-cantini,vai
283,isso-que-e-vida-part-cantini,me
284,isso-que-e-vida-part-cantini,"olhar,"
285,isso-que-e-vida-part-cantini,vai
286,isso-que-e-vida-part-cantini,"provocar,"
287,isso-que-e-vida-part-cantini,cheia
288,isso-que-e-vida-part-cantini,de
289,isso-que-e-vida-part-cantini,tesão
290,isso-que-e-vida-part-cantini,Parece
291,isso-que-e-vida-part-cantini,miragem
292,isso-que-e-vida-part-cantini,mas
293,isso-que-e-vida-part-cantini,é
294,isso-que-e-vida-part-cantini,sacanagem
295,isso-que-e-vida-part-cantini,Essa
296,isso-que-e-vida-part-cantini,mina
297,isso-que-e-vida-part-cantini,vai
298,isso-que-e-vida-part-cantini,morar
299,isso-que-e-vida-part-cantini,no
300,isso-que-e-vida-part-cantini,meu
301,isso-que-e-vida-part-cantini,colchão
302,isso-que-e-vida-part-cantini,Acordar
303,isso-que-e-vida-part-cantini,pelado
304,isso-que-e-vida-part-cantini,com
305,isso-que-e-vida-part-cantini,você
306,isso-que-e-vida-part-cantini,do
307,isso-que-e-vida-part-cantini,lado
308,isso-que-e-vida-part-cantini,Que
309,isso-que-e-vida-part-cantini,o
310,isso-que-e-vida-part-cantini,nosso
311,isso-que-e-vida-part-cantini,amor
312,isso-que-e-vida-part-cantini,nunca
313,isso-que-e-vida-part-cantini,vire
314,isso-que-e-vida-part-cantini,rotina
315,isso-que-e-vida-part-cantini,None
518,malandramente,A
519,malandramente,menina
520,malandramente,inocente
521,malandramente,Se
522,malandramente,envolveu
523,malandramente,com
524,malandramente,a
525,malandramente,gente
526,malandramente,Só
527,malandramente,pra
528,malandramente,poder
529,malandramente,curtir
530,malandramente,Fez
531,malandramente,cara
532,malandramente,de
533,malandramente,carente
534,malandramente,Envolvida
535,malandramente,c'a
536,malandramente,tropa
537,malandramente,Começou
538,malandramente,a
539,malandramente,seduzir
540,malandramente,Meteu
541,malandramente,o
542,malandramente,pé
543,malandramente,pra
544,malandramente,casa
545,malandramente,Diz
546,malandramente,que
547,malandramente,a
548,malandramente,mãe
549,malandramente,tá
550,malandramente,ligando
551,malandramente,Nós
552,malandramente,se
553,malandramente,vê
554,malandramente,por
555,malandramente,ai
556,malandramente,Na
557,malandramente,hora
558,malandramente,de
559,malandramente,ganhar
560,malandramente,madeirada
561,malandramente,A
562,malandramente,menina
563,malandramente,meteu
564,malandramente,o
565,malandramente,pé
566,malandramente,pra
567,malandramente,casa
568,malandramente,E
569,malandramente,mandou
570,malandramente,um
571,malandramente,recadinho
572,malandramente,pra
573,malandramente,mim
574,malandramente,(Nós
575,malandramente,se
576,malandramente,vê
577,malandramente,por
578,malandramente,aí)
579,malandramente,(Nós
580,malandramente,se
581,malandramente,vê
582,malandramente,por
583,malandramente,aí)
584,malandramente,(Nós
585,malandramente,se
586,malandramente,vê
587,malandramente,por
588,malandramente,aí)
589,malandramente,(Nós
590,malandramente,se
591,malandramente,vê
592,malandramente,por
593,malandramente,aí)
594,malandramente,Na
595,malandramente,hora
596,malandramente,de
597,malandramente,ganhar
598,malandramente,madeirada
599,malandramente,A
600,malandramente,menina
601,malandramente,meteu
602,malandramente,o
603,malandramente,pé
604,malandramente,pra
605,malandramente,casa
606,malandramente,E
607,malandramente,mandou
608,malandramente,um
609,malandramente,recadinho
610,malandramente,pra
611,malandramente,mim
612,malandramente,(Nós
613,malandramente,se
614,malandramente,vê
615,malandramente,por
616,malandramente,aí)
617,malandramente,(Nós
618,malandramente,se
619,malandramente,vê
620,malandramente,por
621,malandramente,aí)
622,malandramente,(Nós
623,malandramente,se
624,malandramente,vê
625,malandramente,por
626,malandramente,aí)
627,malandramente,None
777,so-voce,Se
778,so-voce,foi
779,so-voce,por
780,so-voce,acaso
781,so-voce,que
782,so-voce,o
783,so-voce,beijo
784,so-voce,rolou
785,so-voce,Deve
786,so-voce,ser
787,so-voce,coisa
788,so-voce,de
789,so-voce,Deus
790,so-voce,na
791,so-voce,minha
792,so-voce,frente
793,so-voce,Porque
794,so-voce,de
795,so-voce,tantas
796,so-voce,bocas
797,so-voce,a
798,so-voce,nossa
799,so-voce,encaixou
800,so-voce,(ô
801,so-voce,"Senhor,"
802,so-voce,agora
803,so-voce,sim)
804,so-voce,Amores
805,so-voce,eu
806,so-voce,"vivi,"
807,so-voce,mas
808,so-voce,todos
809,so-voce,me
810,so-voce,levaram
811,so-voce,a
812,so-voce,você
813,so-voce,Esse
814,so-voce,tal
815,so-voce,amor
816,so-voce,que
817,so-voce,eu
818,so-voce,nunca
819,so-voce,vi
820,so-voce,enfim
821,so-voce,chegou
822,so-voce,E
823,so-voce,dando
824,so-voce,aquela
825,so-voce,sentada
826,so-voce,Seu
827,so-voce,bumbum
828,so-voce,me
829,so-voce,faz
830,so-voce,querer
831,so-voce,Sem
832,so-voce,querer
833,so-voce,Querendo
834,so-voce,te
835,so-voce,ver
836,so-voce,pelada
837,so-voce,E
838,so-voce,dando
839,so-voce,aquela
840,so-voce,sentada
841,so-voce,Seu
842,so-voce,bumbum
843,so-voce,me
844,so-voce,faz
845,so-voce,querer
846,so-voce,sem
847,so-voce,querer
848,so-voce,Querendo
849,so-voce,te
850,so-voce,ver
851,so-voce,pelada
852,so-voce,Amores
853,so-voce,eu
854,so-voce,"vivi,"
855,so-voce,mas
856,so-voce,todos
857,so-voce,me
858,so-voce,levaram
859,so-voce,a
860,so-voce,você
861,so-voce,Esse
862,so-voce,tal
863,so-voce,amor
864,so-voce,que
865,so-voce,eu
866,so-voce,nunca
867,so-voce,vi
868,so-voce,enfim
869,so-voce,chegou
870,so-voce,E
871,so-voce,dando
872,so-voce,aquela
873,so-voce,sentada
874,so-voce,Seu
875,so-voce,bumbum
876,so-voce,me
877,so-voce,faz
878,so-voce,querer
879,so-voce,sem
880,so-voce,querer
881,so-voce,Querendo
882,so-voce,te
883,so-voce,ver
884,so-voce,pelada
885,so-voce,E
886,so-voce,dando
887,so-voce,aquela
888,so-voce,sentada
889,so-voce,Seu
890,so-voce,bumbum
891,so-voce,me
892,so-voce,faz
893,so-voce,querer
894,so-voce,sem
895,so-voce,querer
896,so-voce,Querendo
897,so-voce,te
898,so-voce,ver
899,so-voce,pelada
900,so-voce,"Oi,"
901,so-voce,vem!
902,so-voce,Vai
903,so-voce,"mozão,"
904,so-voce,batendo
905,so-voce,o
906,so-voce,bumbum
907,so-voce,no
908,so-voce,chão
909,so-voce,Vai
910,so-voce,mozão
911,so-voce,Vai
912,so-voce,"mozão,"
913,so-voce,"bumbum,"
914,so-voce,bumbum
915,so-voce,no
916,so-voce,chão
917,so-voce,Vai
918,so-voce,"mozão,"
919,so-voce,batendo
920,so-voce,"o,"
921,so-voce,"vai,"
922,so-voce,"vai,"
923,so-voce,vai
924,so-voce,E
925,so-voce,dando
926,so-voce,aquela
927,so-voce,sentada
928,so-voce,Seu
929,so-voce,bumbum
930,so-voce,me
931,so-voce,faz
932,so-voce,querer
933,so-voce,sem
934,so-voce,querer
935,so-voce,Querendo
936,so-voce,te
937,so-voce,ver
938,so-voce,pelada
939,so-voce,None
1036,um-brinde-part-marilia-mendonca-e-maiara-e-maraisa,"(Vai,"
1037,um-brinde-part-marilia-mendonca-e-maiara-e-maraisa,vai)
1038,um-brinde-part-marilia-mendonca-e-maiara-e-maraisa,"(Vai,"
1039,um-brinde-part-marilia-mendonca-e-maiara-e-maraisa,vai)
1040,um-brinde-part-marilia-mendonca-e-maiara-e-maraisa,"(Vai,"
1041,um-brinde-part-marilia-mendonca-e-maiara-e-maraisa,vai)
1042,um-brinde-part-marilia-mendonca-e-maiara-e-maraisa,Tá
1043,um-brinde-part-marilia-mendonca-e-maiara-e-maraisa,no
1044,um-brinde-part-marilia-mendonca-e-maiara-e-maraisa,"grau,"
1045,um-brinde-part-marilia-mendonca-e-maiara-e-maraisa,bebendo
1046,um-brinde-part-marilia-mendonca-e-maiara-e-maraisa,tudo
1047,um-brinde-part-marilia-mendonca-e-maiara-e-maraisa,que
1048,um-brinde-part-marilia-mendonca-e-maiara-e-maraisa,é
1049,um-brinde-part-marilia-mendonca-e-maiara-e-maraisa,troço
1050,um-brinde-part-marilia-mendonca-e-maiara-e-maraisa,Preparou
1051,um-brinde-part-marilia-mendonca-e-maiara-e-maraisa,(preparou)
1052,um-brinde-part-marilia-mendonca-e-maiara-e-maraisa,Misturou
1053,um-brinde-part-marilia-mendonca-e-maiara-e-maraisa,(misturou)
1054,um-brinde-part-marilia-mendonca-e-maiara-e-maraisa,Vai
1055,um-brinde-part-marilia-mendonca-e-maiara-e-maraisa,virar
1056,um-brinde-part-marilia-mendonca-e-maiara-e-maraisa,(vai
1057,um-brinde-part-marilia-mendonca-e-maiara-e-maraisa,virar)
1058,um-brinde-part-marilia-mendonca-e-maiara-e-maraisa,Já
1059,um-brinde-part-marilia-mendonca-e-maiara-e-maraisa,virou
1060,um-brinde-part-marilia-mendonca-e-maiara-e-maraisa,"(Vai,"
1061,um-brinde-part-marilia-mendonca-e-maiara-e-maraisa,vai)
1062,um-brinde-part-marilia-mendonca-e-maiara-e-maraisa,Que
1063,um-brinde-part-marilia-mendonca-e-maiara-e-maraisa,já
1064,um-brinde-part-marilia-mendonca-e-maiara-e-maraisa,sabe
1065,um-brinde-part-marilia-mendonca-e-maiara-e-maraisa,que
1066,um-brinde-part-marilia-mendonca-e-maiara-e-maraisa,não
1067,um-brinde-part-marilia-mendonca-e-maiara-e-maraisa,vai
1068,um-brinde-part-marilia-mendonca-e-maiara-e-maraisa,dormir
1069,um-brinde-part-marilia-mendonca-e-maiara-e-maraisa,em
1070,um-brinde-part-marilia-mendonca-e-maiara-e-maraisa,casa
1071,um-brinde-part-marilia-mendonca-e-maiara-e-maraisa,Preparou
1072,um-brinde-part-marilia-mendonca-e-maiara-e-maraisa,(preparou)
1073,um-brinde-part-marilia-mendonca-e-maiara-e-maraisa,Misturou
1074,um-brinde-part-marilia-mendonca-e-maiara-e-maraisa,(misturou)
1075,um-brinde-part-marilia-mendonca-e-maiara-e-maraisa,Vai
1076,um-brinde-part-marilia-mendonca-e-maiara-e-maraisa,virar
1077,um-brinde-part-marilia-mendonca-e-maiara-e-maraisa,(vai
1078,um-brinde-part-marilia-mendonca-e-maiara-e-maraisa,virar)
1079,um-brinde-part-marilia-mendonca-e-maiara-e-maraisa,Já
1080,um-brinde-part-marilia-mendonca-e-maiara-e-maraisa,virou
1081,um-brinde-part-marilia-mendonca-e-maiara-e-maraisa,(Foi
1082,um-brinde-part-marilia-mendonca-e-maiara-e-maraisa,"um,"
1083,um-brinde-part-marilia-mendonca-e-maiara-e-maraisa,foi
1084,um-brinde-part-marilia-mendonca-e-maiara-e-maraisa,"dois,"
1085,um-brinde-part-marilia-mendonca-e-maiara-e-maraisa,hum!)
1086,um-brinde-part-marilia-mendonca-e-maiara-e-maraisa,Mais
1087,um-brinde-part-marilia-mendonca-e-maiara-e-maraisa,um
1088,um-brinde-part-marilia-mendonca-e-maiara-e-maraisa,gole
1089,um-brinde-part-marilia-mendonca-e-maiara-e-maraisa,e
1090,um-brinde-part-marilia-mendonca-e-maiara-e-maraisa,já
1091,um-brinde-part-marilia-mendonca-e-maiara-e-maraisa,foi
1092,um-brinde-part-marilia-mendonca-e-maiara-e-maraisa,Misturou
1093,um-brinde-part-marilia-mendonca-e-maiara-e-maraisa,(misturou)
1094,um-brinde-part-marilia-mendonca-e-maiara-e-maraisa,Vai
1095,um-brinde-part-marilia-mendonca-e-maiara-e-maraisa,virar
1096,um-brinde-part-marilia-mendonca-e-maiara-e-maraisa,(vai
1097,um-brinde-part-marilia-mendonca-e-maiara-e-maraisa,virar)
1098,um-brinde-part-marilia-mendonca-e-maiara-e-maraisa,Já
1099,um-brinde-part-marilia-mendonca-e-maiara-e-maraisa,virou
1100,um-brinde-part-marilia-mendonca-e-maiara-e-maraisa,(hum)
1101,um-brinde-part-marilia-mendonca-e-maiara-e-maraisa,Partiu
1102,um-brinde-part-marilia-mendonca-e-maiara-e-maraisa,pra
1103,um-brinde-part-marilia-mendonca-e-maiara-e-maraisa,cima
1104,um-brinde-part-marilia-mendonca-e-maiara-e-maraisa,deles
1105,um-brinde-part-marilia-mendonca-e-maiara-e-maraisa,Um
1106,um-brinde-part-marilia-mendonca-e-maiara-e-maraisa,brinde
1107,um-brinde-part-marilia-mendonca-e-maiara-e-maraisa,a
1108,um-brinde-part-marilia-mendonca-e-maiara-e-maraisa,"nós,"
1109,um-brinde-part-marilia-mendonca-e-maiara-e-maraisa,um
1110,um-brinde-part-marilia-mendonca-e-maiara-e-maraisa,brinde
1111,um-brinde-part-marilia-mendonca-e-maiara-e-maraisa,a
1112,um-brinde-part-marilia-mendonca-e-maiara-e-maraisa,elas
1113,um-brinde-part-marilia-mendonca-e-maiara-e-maraisa,Ó
1114,um-brinde-part-marilia-mendonca-e-maiara-e-maraisa,nós
1115,um-brinde-part-marilia-mendonca-e-maiara-e-maraisa,em
1116,um-brinde-part-marilia-mendonca-e-maiara-e-maraisa,cima
1117,um-brinde-part-marilia-mendonca-e-maiara-e-maraisa,deles
1118,um-brinde-part-marilia-mendonca-e-maiara-e-maraisa,Partiu
1119,um-brinde-part-marilia-mendonca-e-maiara-e-maraisa,pra
1120,um-brinde-part-marilia-mendonca-e-maiara-e-maraisa,cima
1121,um-brinde-part-marilia-mendonca-e-maiara-e-maraisa,deles
1122,um-brinde-part-marilia-mendonca-e-maiara-e-maraisa,Um
1123,um-brinde-part-marilia-mendonca-e-maiara-e-maraisa,brinde
1124,um-brinde-part-marilia-mendonca-e-maiara-e-maraisa,a
1125,um-brinde-part-marilia-mendonca-e-maiara-e-maraisa,"nós,"
1126,um-brinde-part-marilia-mendonca-e-maiara-e-maraisa,um
1127,um-brinde-part-marilia-mendonca-e-maiara-e-maraisa,brinde
1128,um-brinde-part-marilia-mendonca-e-maiara-e-maraisa,a
1129,um-brinde-part-marilia-mendonca-e-maiara-e-maraisa,elas
1130,um-brinde-part-marilia-mendonca-e-maiara-e-maraisa,"Ah,"
1131,um-brinde-part-marilia-mendonca-e-maiara-e-maraisa,nós
1132,um-brinde-part-marilia-mendonca-e-maiara-e-maraisa,em
1133,um-brinde-part-marilia-mendonca-e-maiara-e-maraisa,cima
1134,um-brinde-part-marilia-mendonca-e-maiara-e-maraisa,deles
1135,um-brinde-part-marilia-mendonca-e-maiara-e-maraisa,Preparou
1136,um-brinde-part-marilia-mendonca-e-maiara-e-maraisa,Misturou
1137,um-brinde-part-marilia-mendonca-e-maiara-e-maraisa,Vai
1138,um-brinde-part-marilia-mendonca-e-maiara-e-maraisa,virar
1139,um-brinde-part-marilia-mendonca-e-maiara-e-maraisa,Já
1140,um-brinde-part-marilia-mendonca-e-maiara-e-maraisa,virou
1141,um-brinde-part-marilia-mendonca-e-maiara-e-maraisa,Preparou
1142,um-brinde-part-marilia-mendonca-e-maiara-e-maraisa,Misturou
1143,um-brinde-part-marilia-mendonca-e-maiara-e-maraisa,Vai
1144,um-brinde-part-marilia-mendonca-e-maiara-e-maraisa,virar
1145,um-brinde-part-marilia-mendonca-e-maiara-e-maraisa,Já
1146,um-brinde-part-marilia-mendonca-e-maiara-e-maraisa,virou
1147,um-brinde-part-marilia-mendonca-e-maiara-e-maraisa,"(Vai,"
1148,um-brinde-part-marilia-mendonca-e-maiara-e-maraisa,vai)
1149,um-brinde-part-marilia-mendonca-e-maiara-e-maraisa,Tá
1150,um-brinde-part-marilia-mendonca-e-maiara-e-maraisa,no
1151,um-brinde-part-marilia-mendonca-e-maiara-e-maraisa,"grau,"
1152,um-brinde-part-marilia-mendonca-e-maiara-e-maraisa,bebendo
1153,um-brinde-part-marilia-mendonca-e-maiara-e-maraisa,tudo
1154,um-brinde-part-marilia-mendonca-e-maiara-e-maraisa,que
1155,um-brinde-part-marilia-mendonca-e-maiara-e-maraisa,é
1156,um-brinde-part-marilia-mendonca-e-maiara-e-maraisa,troço
1157,um-brinde-part-marilia-mendonca-e-maiara-e-maraisa,Preparou
1158,um-brinde-part-marilia-mendonca-e-maiara-e-maraisa,(preparou)
1159,um-brinde-part-marilia-mendonca-e-maiara-e-maraisa,Misturou
1160,um-brinde-part-marilia-mendonca-e-maiara-e-maraisa,(misturou)
1161,um-brinde-part-marilia-mendonca-e-maiara-e-maraisa,Vai
1162,um-brinde-part-marilia-mendonca-e-maiara-e-maraisa,virar
1163,um-brinde-part-marilia-mendonca-e-maiara-e-maraisa,(vai
1164,um-brinde-part-marilia-mendonca-e-maiara-e-maraisa,virar)
1165,um-brinde-part-marilia-mendonca-e-maiara-e-maraisa,Já
1166,um-brinde-part-marilia-mendonca-e-maiara-e-maraisa,virou
1167,um-brinde-part-marilia-mendonca-e-maiara-e-maraisa,"(vai,"
1168,um-brinde-part-marilia-mendonca-e-maiara-e-maraisa,vai)
1169,um-brinde-part-marilia-mendonca-e-maiara-e-maraisa,Que
1170,um-brinde-part-marilia-mendonca-e-maiara-e-maraisa,já
1171,um-brinde-part-marilia-mendonca-e-maiara-e-maraisa,sabe
1172,um-brinde-part-marilia-mendonca-e-maiara-e-maraisa,que
1173,um-brinde-part-marilia-mendonca-e-maiara-e-maraisa,não
1174,um-brinde-part-marilia-mendonca-e-maiara-e-maraisa,vai
1175,um-brinde-part-marilia-mendonca-e-maiara-e-maraisa,dormir
1176,um-brinde-part-marilia-mendonca-e-maiara-e-maraisa,em
1177,um-brinde-part-marilia-mendonca-e-maiara-e-maraisa,casa
1178,um-brinde-part-marilia-mendonca-e-maiara-e-maraisa,Preparou
1179,um-brinde-part-marilia-mendonca-e-maiara-e-maraisa,(preparou)
1180,um-brinde-part-marilia-mendonca-e-maiara-e-maraisa,Misturou
1181,um-brinde-part-marilia-mendonca-e-maiara-e-maraisa,(misturou)
1182,um-brinde-part-marilia-mendonca-e-maiara-e-maraisa,Vai
1183,um-brinde-part-marilia-mendonca-e-maiara-e-maraisa,virar
1184,um-brinde-part-marilia-mendonca-e-maiara-e-maraisa,(vai
1185,um-brinde-part-marilia-mendonca-e-maiara-e-maraisa,virar)
1186,um-brinde-part-marilia-mendonca-e-maiara-e-maraisa,Já
1187,um-brinde-part-marilia-mendonca-e-maiara-e-maraisa,virou
1188,um-brinde-part-marilia-mendonca-e-maiara-e-maraisa,(Foi
1189,um-brinde-part-marilia-mendonca-e-maiara-e-maraisa,"um,"
1190,um-brinde-part-marilia-mendonca-e-maiara-e-maraisa,foi
1191,um-brinde-part-marilia-mendonca-e-maiara-e-maraisa,"dois,"
1192,um-brinde-part-marilia-mendonca-e-maiara-e-maraisa,hum!)
1193,um-brinde-part-marilia-mendonca-e-maiara-e-maraisa,Mais
1194,um-brinde-part-marilia-mendonca-e-maiara-e-maraisa,um
1195,um-brinde-part-marilia-mendonca-e-maiara-e-maraisa,gole
1196,um-brinde-part-marilia-mendonca-e-maiara-e-maraisa,e
1197,um-brinde-part-marilia-mendonca-e-maiara-e-maraisa,já
1198,um-brinde-part-marilia-mendonca-e-maiara-e-maraisa,foi
1199,um-brinde-part-marilia-mendonca-e-maiara-e-maraisa,Misturou
1200,um-brinde-part-marilia-mendonca-e-maiara-e-maraisa,Vai
1201,um-brinde-part-marilia-mendonca-e-maiara-e-maraisa,virar
1202,um-brinde-part-marilia-mendonca-e-maiara-e-maraisa,"(vai,"
1203,um-brinde-part-marilia-mendonca-e-maiara-e-maraisa,vai)
1204,um-brinde-part-marilia-mendonca-e-maiara-e-maraisa,Já
1205,um-brinde-part-marilia-mendonca-e-maiara-e-maraisa,virou
1206,um-brinde-part-marilia-mendonca-e-maiara-e-maraisa,Partiu
1207,um-brinde-part-marilia-mendonca-e-maiara-e-maraisa,pra
1208,um-brinde-part-marilia-mendonca-e-maiara-e-maraisa,cima
1209,um-brinde-part-marilia-mendonca-e-maiara-e-maraisa,deles
1210,um-brinde-part-marilia-mendonca-e-maiara-e-maraisa,Um
1211,um-brinde-part-marilia-mendonca-e-maiara-e-maraisa,brinde
1212,um-brinde-part-marilia-mendonca-e-maiara-e-maraisa,a
1213,um-brinde-part-marilia-mendonca-e-maiara-e-maraisa,"nós,"
1214,um-brinde-part-marilia-mendonca-e-maiara-e-maraisa,um
1215,um-brinde-part-marilia-mendonca-e-maiara-e-maraisa,brinde
1216,um-brinde-part-marilia-mendonca-e-maiara-e-maraisa,a
1217,um-brinde-part-marilia-mendonca-e-maiara-e-maraisa,elas
1218,um-brinde-part-marilia-mendonca-e-maiara-e-maraisa,É
1219,um-brinde-part-marilia-mendonca-e-maiara-e-maraisa,nós
1220,um-brinde-part-marilia-mendonca-e-maiara-e-maraisa,em
1221,um-brinde-part-marilia-mendonca-e-maiara-e-maraisa,cima
1222,um-brinde-part-marilia-mendonca-e-maiara-e-maraisa,deles
1223,um-brinde-part-marilia-mendonca-e-maiara-e-maraisa,Partiu
1224,um-brinde-part-marilia-mendonca-e-maiara-e-maraisa,pra
1225,um-brinde-part-marilia-mendonca-e-maiara-e-maraisa,cima
1226,um-brinde-part-marilia-mendonca-e-maiara-e-maraisa,deles
1227,um-brinde-part-marilia-mendonca-e-maiara-e-maraisa,Um
1228,um-brinde-part-marilia-mendonca-e-maiara-e-maraisa,brinde
1229,um-brinde-part-marilia-mendonca-e-maiara-e-maraisa,a
1230,um-brinde-part-marilia-mendonca-e-maiara-e-maraisa,"nós,"
1231,um-brinde-part-marilia-mendonca-e-maiara-e-maraisa,um
1232,um-brinde-part-marilia-mendonca-e-maiara-e-maraisa,brinde
1233,um-brinde-part-marilia-mendonca-e-maiara-e-maraisa,a
1234,um-brinde-part-marilia-mendonca-e-maiara-e-maraisa,elas
1235,um-brinde-part-marilia-mendonca-e-maiara-e-maraisa,É
1236,um-brinde-part-marilia-mendonca-e-maiara-e-maraisa,nós
1237,um-brinde-part-marilia-mendonca-e-maiara-e-maraisa,em
1238,um-brinde-part-marilia-mendonca-e-maiara-e-maraisa,cima
1239,um-brinde-part-marilia-mendonca-e-maiara-e-maraisa,deles
1240,um-brinde-part-marilia-mendonca-e-maiara-e-maraisa,Misturou
1241,um-brinde-part-marilia-mendonca-e-maiara-e-maraisa,Vai
1242,um-brinde-part-marilia-mendonca-e-maiara-e-maraisa,virar
1243,um-brinde-part-marilia-mendonca-e-maiara-e-maraisa,Já
1244,um-brinde-part-marilia-mendonca-e-maiara-e-maraisa,virou
1245,um-brinde-part-marilia-mendonca-e-maiara-e-maraisa,Misturou
1246,um-brinde-part-marilia-mendonca-e-maiara-e-maraisa,Vai
1247,um-brinde-part-marilia-mendonca-e-maiara-e-maraisa,virar
1248,um-brinde-part-marilia-mendonca-e-maiara-e-maraisa,Já
1249,um-brinde-part-marilia-mendonca-e-maiara-e-maraisa,virou
1250,um-brinde-part-marilia-mendonca-e-maiara-e-maraisa,Partiu
1251,um-brinde-part-marilia-mendonca-e-maiara-e-maraisa,pra
1252,um-brinde-part-marilia-mendonca-e-maiara-e-maraisa,cima
1253,um-brinde-part-marilia-mendonca-e-maiara-e-maraisa,deles
1254,um-brinde-part-marilia-mendonca-e-maiara-e-maraisa,Um
1255,um-brinde-part-marilia-mendonca-e-maiara-e-maraisa,brinde
1256,um-brinde-part-marilia-mendonca-e-maiara-e-maraisa,a
1257,um-brinde-part-marilia-mendonca-e-maiara-e-maraisa,"nós,"
1258,um-brinde-part-marilia-mendonca-e-maiara-e-maraisa,um
1259,um-brinde-part-marilia-mendonca-e-maiara-e-maraisa,brinde
1260,um-brinde-part-marilia-mendonca-e-maiara-e-maraisa,a
1261,um-brinde-part-marilia-mendonca-e-maiara-e-maraisa,elas
1262,um-brinde-part-marilia-mendonca-e-maiara-e-maraisa,É
1263,um-brinde-part-marilia-mendonca-e-maiara-e-maraisa,nós
1264,um-brinde-part-marilia-mendonca-e-maiara-e-maraisa,em
1265,um-brinde-part-marilia-mendonca-e-maiara-e-maraisa,cima
1266,um-brinde-part-marilia-mendonca-e-maiara-e-maraisa,deles
1267,um-brinde-part-marilia-mendonca-e-maiara-e-maraisa,Partiu
1268,um-brinde-part-marilia-mendonca-e-maiara-e-maraisa,pra
1269,um-brinde-part-marilia-mendonca-e-maiara-e-maraisa,cima
1270,um-brinde-part-marilia-mendonca-e-maiara-e-maraisa,deles
1271,um-brinde-part-marilia-mendonca-e-maiara-e-maraisa,Um
1272,um-brinde-part-marilia-mendonca-e-maiara-e-maraisa,brinde
1273,um-brinde-part-marilia-mendonca-e-maiara-e-maraisa,a
1274,um-brinde-part-marilia-mendonca-e-maiara-e-maraisa,"nós,"
1275,um-brinde-part-marilia-mendonca-e-maiara-e-maraisa,um
1276,um-brinde-part-marilia-mendonca-e-maiara-e-maraisa,brinde
1277,um-brinde-part-marilia-mendonca-e-maiara-e-maraisa,a
1278,um-brinde-part-marilia-mendonca-e-maiara-e-maraisa,elas
1279,um-brinde-part-marilia-mendonca-e-maiara-e-maraisa,É
1280,um-brinde-part-marilia-mendonca-e-maiara-e-maraisa,nós
1281,um-brinde-part-marilia-mendonca-e-maiara-e-maraisa,em
1282,um-brinde-part-marilia-mendonca-e-maiara-e-maraisa,cima
1283,um-brinde-part-marilia-mendonca-e-maiara-e-maraisa,deles
1284,um-brinde-part-marilia-mendonca-e-maiara-e-maraisa,Misturou
1285,um-brinde-part-marilia-mendonca-e-maiara-e-maraisa,Vai
1286,um-brinde-part-marilia-mendonca-e-maiara-e-maraisa,virar
1287,um-brinde-part-marilia-mendonca-e-maiara-e-maraisa,Já
1288,um-brinde-part-marilia-mendonca-e-maiara-e-maraisa,virou
1289,um-brinde-part-marilia-mendonca-e-maiara-e-maraisa,Misturou
1290,um-brinde-part-marilia-mendonca-e-maiara-e-maraisa,Vai
1291,um-brinde-part-marilia-mendonca-e-maiara-e-maraisa,virar
1292,um-brinde-part-marilia-mendonca-e-maiara-e-maraisa,Já
1293,um-brinde-part-marilia-mendonca-e-maiara-e-maraisa,virou
1294,um-brinde-part-marilia-mendonca-e-maiara-e-maraisa,None
1295,vamos-beber,Nós
1296,vamos-beber,vamos
1297,vamos-beber,curtir
1298,vamos-beber,a
1299,vamos-beber,"vida,"
1300,vamos-beber,vamos
1301,vamos-beber,beber
1302,vamos-beber,Eu
1303,vamos-beber,tô
1304,vamos-beber,cheio
1305,vamos-beber,de
1306,vamos-beber,"dinheiro,"
1307,vamos-beber,vamos
1308,vamos-beber,beber.
1309,vamos-beber,Ieieieie.
1310,vamos-beber,Nós
1311,vamos-beber,vamos
1312,vamos-beber,curtir
1313,vamos-beber,a
1314,vamos-beber,"vida,"
1315,vamos-beber,vamos
1316,vamos-beber,beber
1317,vamos-beber,Eu
1318,vamos-beber,tô
1319,vamos-beber,cheio
1320,vamos-beber,de
1321,vamos-beber,"dinheiro,"
1322,vamos-beber,vamos
1323,vamos-beber,beber.
1324,vamos-beber,Ieieieie.
1325,vamos-beber,Começam
1326,vamos-beber,a
1327,vamos-beber,"rebolar,"
1328,vamos-beber,com
1329,vamos-beber,o
1330,vamos-beber,dedinho
1331,vamos-beber,na
1332,vamos-beber,boca
1333,vamos-beber,Quem
1334,vamos-beber,tá
1335,vamos-beber,chapado
1336,vamos-beber,"aê,"
1337,vamos-beber,então
1338,vamos-beber,levanta
1339,vamos-beber,a
1340,vamos-beber,mão
1341,vamos-beber,Vem
1342,vamos-beber,que
1343,vamos-beber,tá
1344,vamos-beber,tudo
1345,vamos-beber,liberado
1346,vamos-beber,hoje
1347,vamos-beber,eu
1348,vamos-beber,tô
1349,vamos-beber,de
1350,vamos-beber,patrão.
1351,vamos-beber,Rebola
1352,vamos-beber,e
1353,vamos-beber,vem
1354,vamos-beber,quicando
1355,vamos-beber,Vem
1356,vamos-beber,aqui
1357,vamos-beber,pro
1358,vamos-beber,"ronaldinho,"
1359,vamos-beber,quero
1360,vamos-beber,te
1361,vamos-beber,ver
1362,vamos-beber,dançando
1363,vamos-beber,A
1364,vamos-beber,noite
1365,vamos-beber,já
1366,vamos-beber,é
1367,vamos-beber,nossa
1368,vamos-beber,Vem
1369,vamos-beber,que
1370,vamos-beber,hoje
1371,vamos-beber,é
1372,vamos-beber,funknejo
1373,vamos-beber,"Alô,"
1374,vamos-beber,"garçom,"
1375,vamos-beber,traz
1376,vamos-beber,a
1377,vamos-beber,bebida
1378,vamos-beber,Que
1379,vamos-beber,eu
1380,vamos-beber,tô
1381,vamos-beber,com
1382,vamos-beber,dinheiro.
1383,vamos-beber,Nós
1384,vamos-beber,vamos
1385,vamos-beber,curtir
1386,vamos-beber,a
1387,vamos-beber,"vida,"
1388,vamos-beber,vamos
1389,vamos-beber,beber
1390,vamos-beber,Eu
1391,vamos-beber,tô
1392,vamos-beber,cheio
1393,vamos-beber,de
1394,vamos-beber,"dinheiro,"
1395,vamos-beber,vamos
1396,vamos-beber,beber
1397,vamos-beber,Ieieieie.
1398,vamos-beber,Nós
1399,vamos-beber,vamos
1400,vamos-beber,curtir
1401,vamos-beber,a
1402,vamos-beber,"vida,"
1403,vamos-beber,vamos
1404,vamos-beber,beber
1405,vamos-beber,Eu
1406,vamos-beber,tô
1407,vamos-beber,cheio
1408,vamos-beber,de
1409,vamos-beber,"dinheiro,"
1410,vamos-beber,vamos
1411,vamos-beber,beber
1412,vamos-beber,Ieieieie.
1413,vamos-beber,None
1554,agora--tudo-meu-part-kevinho,Aquela
1555,agora--tudo-meu-part-kevinho,"boca,"
1556,agora--tudo-meu-part-kevinho,tá
1557,agora--tudo-meu-part-kevinho,procurando
1558,agora--tudo-meu-part-kevinho,um
1559,agora--tudo-meu-part-kevinho,cara
1560,agora--tudo-meu-part-kevinho,que
1561,agora--tudo-meu-part-kevinho,nem
1562,agora--tudo-meu-part-kevinho,eu
1563,agora--tudo-meu-part-kevinho,Que
1564,agora--tudo-meu-part-kevinho,deixa
1565,agora--tudo-meu-part-kevinho,ela
1566,agora--tudo-meu-part-kevinho,de
1567,agora--tudo-meu-part-kevinho,boa
1568,agora--tudo-meu-part-kevinho,pra
1569,agora--tudo-meu-part-kevinho,dançar
1570,agora--tudo-meu-part-kevinho,na
1571,agora--tudo-meu-part-kevinho,pista
1572,agora--tudo-meu-part-kevinho,Entre
1573,agora--tudo-meu-part-kevinho,quatro
1574,agora--tudo-meu-part-kevinho,paredes
1575,agora--tudo-meu-part-kevinho,faz
1576,agora--tudo-meu-part-kevinho,o
1577,agora--tudo-meu-part-kevinho,que
1578,agora--tudo-meu-part-kevinho,ela
1579,agora--tudo-meu-part-kevinho,gosta
1580,agora--tudo-meu-part-kevinho,Sabe
1581,agora--tudo-meu-part-kevinho,aquela
1582,agora--tudo-meu-part-kevinho,sentada
1583,agora--tudo-meu-part-kevinho,que
1584,agora--tudo-meu-part-kevinho,ele
1585,agora--tudo-meu-part-kevinho,perdeu?
1586,agora--tudo-meu-part-kevinho,"Xii,"
1587,agora--tudo-meu-part-kevinho,agora
1588,agora--tudo-meu-part-kevinho,é
1589,agora--tudo-meu-part-kevinho,tudo
1590,agora--tudo-meu-part-kevinho,meu!
1591,agora--tudo-meu-part-kevinho,E
1592,agora--tudo-meu-part-kevinho,agora
1593,agora--tudo-meu-part-kevinho,ela
1594,agora--tudo-meu-part-kevinho,só
1595,agora--tudo-meu-part-kevinho,bate
1596,agora--tudo-meu-part-kevinho,com
1597,agora--tudo-meu-part-kevinho,o
1598,agora--tudo-meu-part-kevinho,bumbum
1599,agora--tudo-meu-part-kevinho,Seu
1600,agora--tudo-meu-part-kevinho,coração
1601,agora--tudo-meu-part-kevinho,não
1602,agora--tudo-meu-part-kevinho,faz
1603,agora--tudo-meu-part-kevinho,tum
1604,agora--tudo-meu-part-kevinho,tum
1605,agora--tudo-meu-part-kevinho,E
1606,agora--tudo-meu-part-kevinho,agora
1607,agora--tudo-meu-part-kevinho,ela
1608,agora--tudo-meu-part-kevinho,só
1609,agora--tudo-meu-part-kevinho,bate
1610,agora--tudo-meu-part-kevinho,com
1611,agora--tudo-meu-part-kevinho,o
1612,agora--tudo-meu-part-kevinho,bumbum
1613,agora--tudo-meu-part-kevinho,Seu
1614,agora--tudo-meu-part-kevinho,coração
1615,agora--tudo-meu-part-kevinho,não
1616,agora--tudo-meu-part-kevinho,faz
1617,agora--tudo-meu-part-kevinho,tumtum
1618,agora--tudo-meu-part-kevinho,E
1619,agora--tudo-meu-part-kevinho,agora
1620,agora--tudo-meu-part-kevinho,ela
1621,agora--tudo-meu-part-kevinho,só
1622,agora--tudo-meu-part-kevinho,bate
1623,agora--tudo-meu-part-kevinho,com
1624,agora--tudo-meu-part-kevinho,o
1625,agora--tudo-meu-part-kevinho,bumbum
1626,agora--tudo-meu-part-kevinho,None
1813,quando-o-dj-mandar,Menina
1814,quando-o-dj-mandar,você
1815,quando-o-dj-mandar,desce
1816,quando-o-dj-mandar,","
1817,quando-o-dj-mandar,desce
1818,quando-o-dj-mandar,ou
1819,quando-o-dj-mandar,desce
1820,quando-o-dj-mandar,Se
1821,quando-o-dj-mandar,concentra
1822,quando-o-dj-mandar,na
1823,quando-o-dj-mandar,batida
1824,quando-o-dj-mandar,O
1825,quando-o-dj-mandar,resto
1826,quando-o-dj-mandar,tu
1827,quando-o-dj-mandar,esquece
1828,quando-o-dj-mandar,","
1829,quando-o-dj-mandar,esquece
1830,quando-o-dj-mandar,ou
1831,quando-o-dj-mandar,esquece
1832,quando-o-dj-mandar,Menina
1833,quando-o-dj-mandar,você
1834,quando-o-dj-mandar,desce
1835,quando-o-dj-mandar,","
1836,quando-o-dj-mandar,desce
1837,quando-o-dj-mandar,ou
1838,quando-o-dj-mandar,desce
1839,quando-o-dj-mandar,Se
1840,quando-o-dj-mandar,concentra
1841,quando-o-dj-mandar,na
1842,quando-o-dj-mandar,batida
1843,quando-o-dj-mandar,O
1844,quando-o-dj-mandar,resto
1845,quando-o-dj-mandar,tu
1846,quando-o-dj-mandar,esquece
1847,quando-o-dj-mandar,","
1848,quando-o-dj-mandar,esquece
1849,quando-o-dj-mandar,ou
1850,quando-o-dj-mandar,esquece
1851,quando-o-dj-mandar,Você
1852,quando-o-dj-mandar,desce
1853,quando-o-dj-mandar,","
1854,quando-o-dj-mandar,você
1855,quando-o-dj-mandar,","
1856,quando-o-dj-mandar,vai
1857,quando-o-dj-mandar,Vai
1858,quando-o-dj-mandar,se
1859,quando-o-dj-mandar,concentra
1860,quando-o-dj-mandar,assim
1861,quando-o-dj-mandar,Vai
1862,quando-o-dj-mandar,descendo
1863,quando-o-dj-mandar,para
1864,quando-o-dj-mandar,mim
1865,quando-o-dj-mandar,E
1866,quando-o-dj-mandar,rebolando
1867,quando-o-dj-mandar,de
1868,quando-o-dj-mandar,um
1869,quando-o-dj-mandar,jeito
1870,quando-o-dj-mandar,Que
1871,quando-o-dj-mandar,eu
1872,quando-o-dj-mandar,nunca
1873,quando-o-dj-mandar,vi
1874,quando-o-dj-mandar,Então
1875,quando-o-dj-mandar,desce
1876,quando-o-dj-mandar,vai
1877,quando-o-dj-mandar,Tira
1878,quando-o-dj-mandar,a
1879,quando-o-dj-mandar,minha
1880,quando-o-dj-mandar,paz
1881,quando-o-dj-mandar,Você
1882,quando-o-dj-mandar,ta
1883,quando-o-dj-mandar,de
1884,quando-o-dj-mandar,mais
1885,quando-o-dj-mandar,Desce
1886,quando-o-dj-mandar,ou
1887,quando-o-dj-mandar,desce
1888,quando-o-dj-mandar,None
2072,predileta-feat-neblina,Ela
2073,predileta-feat-neblina,quer
2074,predileta-feat-neblina,se
2075,predileta-feat-neblina,acabar
2076,predileta-feat-neblina,(quer
2077,predileta-feat-neblina,se
2078,predileta-feat-neblina,acabar)
2079,predileta-feat-neblina,Chamou
2080,predileta-feat-neblina,a
2081,predileta-feat-neblina,melhor
2082,predileta-feat-neblina,amiga
2083,predileta-feat-neblina,dizendo
2084,predileta-feat-neblina,Hoje
2085,predileta-feat-neblina,vamos
2086,predileta-feat-neblina,causar
2087,predileta-feat-neblina,Hoje
2088,predileta-feat-neblina,não
2089,predileta-feat-neblina,vai
2090,predileta-feat-neblina,prestar
2091,predileta-feat-neblina,"(prestar,"
2092,predileta-feat-neblina,prestar)
2093,predileta-feat-neblina,E
2094,predileta-feat-neblina,o
2095,predileta-feat-neblina,Dennis
2096,predileta-feat-neblina,tava
2097,predileta-feat-neblina,empolgado
2098,predileta-feat-neblina,Soltou
2099,predileta-feat-neblina,sua
2100,predileta-feat-neblina,predileta
2101,predileta-feat-neblina,e
2102,predileta-feat-neblina,ela
2103,predileta-feat-neblina,tirou
2104,predileta-feat-neblina,o
2105,predileta-feat-neblina,salto
2106,predileta-feat-neblina,Pra
2107,predileta-feat-neblina,ela
2108,predileta-feat-neblina,"dançar,"
2109,predileta-feat-neblina,pra
2110,predileta-feat-neblina,ela
2111,predileta-feat-neblina,"dançar,"
2112,predileta-feat-neblina,pra
2113,predileta-feat-neblina,ela
2114,predileta-feat-neblina,dançar
2115,predileta-feat-neblina,Abre
2116,predileta-feat-neblina,a
2117,predileta-feat-neblina,"rodinha,"
2118,predileta-feat-neblina,abre
2119,predileta-feat-neblina,a
2120,predileta-feat-neblina,rodinha
2121,predileta-feat-neblina,Pra
2122,predileta-feat-neblina,ela
2123,predileta-feat-neblina,"dançar,"
2124,predileta-feat-neblina,pra
2125,predileta-feat-neblina,ela
2126,predileta-feat-neblina,"dançar,"
2127,predileta-feat-neblina,"dançar,"
2128,predileta-feat-neblina,dançar
2129,predileta-feat-neblina,(Vai
2130,predileta-feat-neblina,no
2131,predileta-feat-neblina,"chão),"
2132,predileta-feat-neblina,assim
2133,predileta-feat-neblina,não
2134,predileta-feat-neblina,para
2135,predileta-feat-neblina,não
2136,predileta-feat-neblina,Vai
2137,predileta-feat-neblina,no
2138,predileta-feat-neblina,"chão,"
2139,predileta-feat-neblina,assim
2140,predileta-feat-neblina,tá
2141,predileta-feat-neblina,muito
2142,predileta-feat-neblina,bom
2143,predileta-feat-neblina,Vai
2144,predileta-feat-neblina,no
2145,predileta-feat-neblina,"chão,"
2146,predileta-feat-neblina,assim
2147,predileta-feat-neblina,não
2148,predileta-feat-neblina,para
2149,predileta-feat-neblina,não
2150,predileta-feat-neblina,Ela
2151,predileta-feat-neblina,quer
2152,predileta-feat-neblina,se
2153,predileta-feat-neblina,acabar
2154,predileta-feat-neblina,(quer
2155,predileta-feat-neblina,se
2156,predileta-feat-neblina,acabar)
2157,predileta-feat-neblina,Chamou
2158,predileta-feat-neblina,a
2159,predileta-feat-neblina,melhor
2160,predileta-feat-neblina,amiga
2161,predileta-feat-neblina,dizendo
2162,predileta-feat-neblina,Hoje
2163,predileta-feat-neblina,vamos
2164,predileta-feat-neblina,causar
2165,predileta-feat-neblina,(causar
2166,predileta-feat-neblina,aa)
2167,predileta-feat-neblina,Hoje
2168,predileta-feat-neblina,não
2169,predileta-feat-neblina,vai
2170,predileta-feat-neblina,prestar
2171,predileta-feat-neblina,"(prestar,"
2172,predileta-feat-neblina,prestar)
2173,predileta-feat-neblina,E
2174,predileta-feat-neblina,o
2175,predileta-feat-neblina,Dennis
2176,predileta-feat-neblina,tava
2177,predileta-feat-neblina,empolgado
2178,predileta-feat-neblina,Soltou
2179,predileta-feat-neblina,sua
2180,predileta-feat-neblina,predileta
2181,predileta-feat-neblina,e
2182,predileta-feat-neblina,ela
2183,predileta-feat-neblina,tirou
2184,predileta-feat-neblina,o
2185,predileta-feat-neblina,salto
2186,predileta-feat-neblina,Pra
2187,predileta-feat-neblina,ela
2188,predileta-feat-neblina,"dançar,"
2189,predileta-feat-neblina,pra
2190,predileta-feat-neblina,ela
2191,predileta-feat-neblina,"dançar,"
2192,predileta-feat-neblina,(dançar)
2193,predileta-feat-neblina,pra
2194,predileta-feat-neblina,ela
2195,predileta-feat-neblina,dançar
2196,predileta-feat-neblina,Abre
2197,predileta-feat-neblina,a
2198,predileta-feat-neblina,"rodinha,"
2199,predileta-feat-neblina,abre
2200,predileta-feat-neblina,a
2201,predileta-feat-neblina,rodinha
2202,predileta-feat-neblina,Pra
2203,predileta-feat-neblina,ela
2204,predileta-feat-neblina,"dançar,"
2205,predileta-feat-neblina,pra
2206,predileta-feat-neblina,ela
2207,predileta-feat-neblina,"dançar,"
2208,predileta-feat-neblina,"dançar,"
2209,predileta-feat-neblina,dançar
2210,predileta-feat-neblina,(Vai
2211,predileta-feat-neblina,no
2212,predileta-feat-neblina,"chão),"
2213,predileta-feat-neblina,assim
2214,predileta-feat-neblina,não
2215,predileta-feat-neblina,para
2216,predileta-feat-neblina,não
2217,predileta-feat-neblina,(ó)
2218,predileta-feat-neblina,Vai
2219,predileta-feat-neblina,no
2220,predileta-feat-neblina,"chão,"
2221,predileta-feat-neblina,assim
2222,predileta-feat-neblina,tá
2223,predileta-feat-neblina,muito
2224,predileta-feat-neblina,bom
2225,predileta-feat-neblina,Vai
2226,predileta-feat-neblina,no
2227,predileta-feat-neblina,"chão,"
2228,predileta-feat-neblina,assim
2229,predileta-feat-neblina,não
2230,predileta-feat-neblina,para
2231,predileta-feat-neblina,não
2232,predileta-feat-neblina,(ó)
2233,predileta-feat-neblina,None
2331,professor-da-malandragem-part-ronaldinho-gaucho-e-wesley-safadao,É
2332,professor-da-malandragem-part-ronaldinho-gaucho-e-wesley-safadao,"papai,"
2333,professor-da-malandragem-part-ronaldinho-gaucho-e-wesley-safadao,mas
2334,professor-da-malandragem-part-ronaldinho-gaucho-e-wesley-safadao,não
2335,professor-da-malandragem-part-ronaldinho-gaucho-e-wesley-safadao,é
2336,professor-da-malandragem-part-ronaldinho-gaucho-e-wesley-safadao,Noel
2337,professor-da-malandragem-part-ronaldinho-gaucho-e-wesley-safadao,É
2338,professor-da-malandragem-part-ronaldinho-gaucho-e-wesley-safadao,"romântico,"
2339,professor-da-malandragem-part-ronaldinho-gaucho-e-wesley-safadao,"safado,"
2340,professor-da-malandragem-part-ronaldinho-gaucho-e-wesley-safadao,carinhoso
2341,professor-da-malandragem-part-ronaldinho-gaucho-e-wesley-safadao,e
2342,professor-da-malandragem-part-ronaldinho-gaucho-e-wesley-safadao,até
2343,professor-da-malandragem-part-ronaldinho-gaucho-e-wesley-safadao,fiel
2344,professor-da-malandragem-part-ronaldinho-gaucho-e-wesley-safadao,É
2345,professor-da-malandragem-part-ronaldinho-gaucho-e-wesley-safadao,o
2346,professor-da-malandragem-part-ronaldinho-gaucho-e-wesley-safadao,que
2347,professor-da-malandragem-part-ronaldinho-gaucho-e-wesley-safadao,você
2348,professor-da-malandragem-part-ronaldinho-gaucho-e-wesley-safadao,"quiser,"
2349,professor-da-malandragem-part-ronaldinho-gaucho-e-wesley-safadao,só
2350,professor-da-malandragem-part-ronaldinho-gaucho-e-wesley-safadao,não
2351,professor-da-malandragem-part-ronaldinho-gaucho-e-wesley-safadao,pode
2352,professor-da-malandragem-part-ronaldinho-gaucho-e-wesley-safadao,abusar
2353,professor-da-malandragem-part-ronaldinho-gaucho-e-wesley-safadao,Que
2354,professor-da-malandragem-part-ronaldinho-gaucho-e-wesley-safadao,pra
2355,professor-da-malandragem-part-ronaldinho-gaucho-e-wesley-safadao,ser
2356,professor-da-malandragem-part-ronaldinho-gaucho-e-wesley-safadao,minha
2357,professor-da-malandragem-part-ronaldinho-gaucho-e-wesley-safadao,mulher
2358,professor-da-malandragem-part-ronaldinho-gaucho-e-wesley-safadao,Tu
2359,professor-da-malandragem-part-ronaldinho-gaucho-e-wesley-safadao,tem
2360,professor-da-malandragem-part-ronaldinho-gaucho-e-wesley-safadao,que
2361,professor-da-malandragem-part-ronaldinho-gaucho-e-wesley-safadao,se
2362,professor-da-malandragem-part-ronaldinho-gaucho-e-wesley-safadao,preparar
2363,professor-da-malandragem-part-ronaldinho-gaucho-e-wesley-safadao,Nóis
2364,professor-da-malandragem-part-ronaldinho-gaucho-e-wesley-safadao,"brinca,"
2365,professor-da-malandragem-part-ronaldinho-gaucho-e-wesley-safadao,mas
2366,professor-da-malandragem-part-ronaldinho-gaucho-e-wesley-safadao,não
2367,professor-da-malandragem-part-ronaldinho-gaucho-e-wesley-safadao,é
2368,professor-da-malandragem-part-ronaldinho-gaucho-e-wesley-safadao,criança
2369,professor-da-malandragem-part-ronaldinho-gaucho-e-wesley-safadao,Nóis
2370,professor-da-malandragem-part-ronaldinho-gaucho-e-wesley-safadao,dá
2371,professor-da-malandragem-part-ronaldinho-gaucho-e-wesley-safadao,"nó,"
2372,professor-da-malandragem-part-ronaldinho-gaucho-e-wesley-safadao,mas
2373,professor-da-malandragem-part-ronaldinho-gaucho-e-wesley-safadao,não
2374,professor-da-malandragem-part-ronaldinho-gaucho-e-wesley-safadao,dá
2375,professor-da-malandragem-part-ronaldinho-gaucho-e-wesley-safadao,laço
2376,professor-da-malandragem-part-ronaldinho-gaucho-e-wesley-safadao,Nóis
2377,professor-da-malandragem-part-ronaldinho-gaucho-e-wesley-safadao,não
2378,professor-da-malandragem-part-ronaldinho-gaucho-e-wesley-safadao,"toca,"
2379,professor-da-malandragem-part-ronaldinho-gaucho-e-wesley-safadao,mas
2380,professor-da-malandragem-part-ronaldinho-gaucho-e-wesley-safadao,tu
2381,professor-da-malandragem-part-ronaldinho-gaucho-e-wesley-safadao,dança
2382,professor-da-malandragem-part-ronaldinho-gaucho-e-wesley-safadao,Antes
2383,professor-da-malandragem-part-ronaldinho-gaucho-e-wesley-safadao,mesmo
2384,professor-da-malandragem-part-ronaldinho-gaucho-e-wesley-safadao,da
2385,professor-da-malandragem-part-ronaldinho-gaucho-e-wesley-safadao,"partida,"
2386,professor-da-malandragem-part-ronaldinho-gaucho-e-wesley-safadao,é
2387,professor-da-malandragem-part-ronaldinho-gaucho-e-wesley-safadao,plano
2388,professor-da-malandragem-part-ronaldinho-gaucho-e-wesley-safadao,A
2389,professor-da-malandragem-part-ronaldinho-gaucho-e-wesley-safadao,e
2390,professor-da-malandragem-part-ronaldinho-gaucho-e-wesley-safadao,plano
2391,professor-da-malandragem-part-ronaldinho-gaucho-e-wesley-safadao,B
2392,professor-da-malandragem-part-ronaldinho-gaucho-e-wesley-safadao,Então
2393,professor-da-malandragem-part-ronaldinho-gaucho-e-wesley-safadao,"vem,"
2394,professor-da-malandragem-part-ronaldinho-gaucho-e-wesley-safadao,mas
2395,professor-da-malandragem-part-ronaldinho-gaucho-e-wesley-safadao,baixa
2396,professor-da-malandragem-part-ronaldinho-gaucho-e-wesley-safadao,a
2397,professor-da-malandragem-part-ronaldinho-gaucho-e-wesley-safadao,bola
2398,professor-da-malandragem-part-ronaldinho-gaucho-e-wesley-safadao,Vem
2399,professor-da-malandragem-part-ronaldinho-gaucho-e-wesley-safadao,chegando
2400,professor-da-malandragem-part-ronaldinho-gaucho-e-wesley-safadao,na
2401,professor-da-malandragem-part-ronaldinho-gaucho-e-wesley-safadao,humildade
2402,professor-da-malandragem-part-ronaldinho-gaucho-e-wesley-safadao,Ou
2403,professor-da-malandragem-part-ronaldinho-gaucho-e-wesley-safadao,senão
2404,professor-da-malandragem-part-ronaldinho-gaucho-e-wesley-safadao,tu
2405,professor-da-malandragem-part-ronaldinho-gaucho-e-wesley-safadao,se
2406,professor-da-malandragem-part-ronaldinho-gaucho-e-wesley-safadao,enrola
2407,professor-da-malandragem-part-ronaldinho-gaucho-e-wesley-safadao,e
2408,professor-da-malandragem-part-ronaldinho-gaucho-e-wesley-safadao,pode
2409,professor-da-malandragem-part-ronaldinho-gaucho-e-wesley-safadao,chorar
2410,professor-da-malandragem-part-ronaldinho-gaucho-e-wesley-safadao,mais
2411,professor-da-malandragem-part-ronaldinho-gaucho-e-wesley-safadao,tarde
2412,professor-da-malandragem-part-ronaldinho-gaucho-e-wesley-safadao,Tu
2413,professor-da-malandragem-part-ronaldinho-gaucho-e-wesley-safadao,estuda
2414,professor-da-malandragem-part-ronaldinho-gaucho-e-wesley-safadao,na
2415,professor-da-malandragem-part-ronaldinho-gaucho-e-wesley-safadao,escola
2416,professor-da-malandragem-part-ronaldinho-gaucho-e-wesley-safadao,onde
2417,professor-da-malandragem-part-ronaldinho-gaucho-e-wesley-safadao,fizemos
2418,professor-da-malandragem-part-ronaldinho-gaucho-e-wesley-safadao,faculdade
2419,professor-da-malandragem-part-ronaldinho-gaucho-e-wesley-safadao,Professor
2420,professor-da-malandragem-part-ronaldinho-gaucho-e-wesley-safadao,da
2421,professor-da-malandragem-part-ronaldinho-gaucho-e-wesley-safadao,"malandragem,"
2422,professor-da-malandragem-part-ronaldinho-gaucho-e-wesley-safadao,professor
2423,professor-da-malandragem-part-ronaldinho-gaucho-e-wesley-safadao,da
2424,professor-da-malandragem-part-ronaldinho-gaucho-e-wesley-safadao,malandragem
2425,professor-da-malandragem-part-ronaldinho-gaucho-e-wesley-safadao,"Ronaldinho,"
2426,professor-da-malandragem-part-ronaldinho-gaucho-e-wesley-safadao,Safadão
2427,professor-da-malandragem-part-ronaldinho-gaucho-e-wesley-safadao,e
2428,professor-da-malandragem-part-ronaldinho-gaucho-e-wesley-safadao,com
2429,professor-da-malandragem-part-ronaldinho-gaucho-e-wesley-safadao,o
2430,professor-da-malandragem-part-ronaldinho-gaucho-e-wesley-safadao,Dennis
2431,professor-da-malandragem-part-ronaldinho-gaucho-e-wesley-safadao,é
2432,professor-da-malandragem-part-ronaldinho-gaucho-e-wesley-safadao,sem
2433,professor-da-malandragem-part-ronaldinho-gaucho-e-wesley-safadao,massagem
2434,professor-da-malandragem-part-ronaldinho-gaucho-e-wesley-safadao,Tu
2435,professor-da-malandragem-part-ronaldinho-gaucho-e-wesley-safadao,estuda
2436,professor-da-malandragem-part-ronaldinho-gaucho-e-wesley-safadao,na
2437,professor-da-malandragem-part-ronaldinho-gaucho-e-wesley-safadao,escola
2438,professor-da-malandragem-part-ronaldinho-gaucho-e-wesley-safadao,onde
2439,professor-da-malandragem-part-ronaldinho-gaucho-e-wesley-safadao,fizemos
2440,professor-da-malandragem-part-ronaldinho-gaucho-e-wesley-safadao,faculdade
2441,professor-da-malandragem-part-ronaldinho-gaucho-e-wesley-safadao,Professor
2442,professor-da-malandragem-part-ronaldinho-gaucho-e-wesley-safadao,da
2443,professor-da-malandragem-part-ronaldinho-gaucho-e-wesley-safadao,"malandragem,"
2444,professor-da-malandragem-part-ronaldinho-gaucho-e-wesley-safadao,professor
2445,professor-da-malandragem-part-ronaldinho-gaucho-e-wesley-safadao,da
2446,professor-da-malandragem-part-ronaldinho-gaucho-e-wesley-safadao,malandragem
2447,professor-da-malandragem-part-ronaldinho-gaucho-e-wesley-safadao,"Ronaldinho,"
2448,professor-da-malandragem-part-ronaldinho-gaucho-e-wesley-safadao,Safadão
2449,professor-da-malandragem-part-ronaldinho-gaucho-e-wesley-safadao,e
2450,professor-da-malandragem-part-ronaldinho-gaucho-e-wesley-safadao,com
2451,professor-da-malandragem-part-ronaldinho-gaucho-e-wesley-safadao,o
2452,professor-da-malandragem-part-ronaldinho-gaucho-e-wesley-safadao,Dennis
2453,professor-da-malandragem-part-ronaldinho-gaucho-e-wesley-safadao,é
2454,professor-da-malandragem-part-ronaldinho-gaucho-e-wesley-safadao,sem
2455,professor-da-malandragem-part-ronaldinho-gaucho-e-wesley-safadao,massagem
2456,professor-da-malandragem-part-ronaldinho-gaucho-e-wesley-safadao,None
3108,lindona,Quando
3109,lindona,ela
3110,lindona,"dança,"
3111,lindona,ela
3112,lindona,me
3113,lindona,encanta
3114,lindona,Chega
3115,lindona,no
3116,lindona,baile
3117,lindona,tirando
3118,lindona,onda
3119,lindona,Ela
3120,lindona,rebolando
3121,lindona,é
3122,lindona,toda
3123,lindona,lindona
3124,lindona,Que
3125,lindona,o
3126,lindona,plaque
3127,lindona,de
3128,lindona,100
3129,lindona,não
3130,lindona,mexe
3131,lindona,com
3132,lindona,a
3133,lindona,mente
3134,lindona,Cheguei
3135,lindona,na
3136,lindona,pegada
3137,lindona,exalando
3138,lindona,fartura
3139,lindona,A
3140,lindona,mina
3141,lindona,foi
3142,lindona,zica
3143,lindona,e
3144,lindona,manteve
3145,lindona,a
3146,lindona,postura
3147,lindona,Imediatamente
3148,lindona,chamei
3149,lindona,pro
3150,lindona,rolé
3151,lindona,Já
3152,lindona,imaginando
3153,lindona,vai
3154,lindona,ser
3155,lindona,minha
3156,lindona,mulher
3157,lindona,Linda
3158,lindona,de
3159,lindona,bonita
3160,lindona,me
3161,lindona,hipnotiza
3162,lindona,O
3163,lindona,que
3164,lindona,que
3165,lindona,ela
3166,lindona,tem?
3167,lindona,que
3168,lindona,todo
3169,lindona,mundo
3170,lindona,quer
3171,lindona,Ela
3172,lindona,quer
3173,lindona,descer
3174,lindona,"subir,"
3175,lindona,rebolando
3176,lindona,até
3177,lindona,o
3178,lindona,chão
3179,lindona,Ela
3180,lindona,me
3181,lindona,"desbaratinou,"
3182,lindona,sem
3183,lindona,me
3184,lindona,dar
3185,lindona,confiança
3186,lindona,Me
3187,lindona,deixa
3188,lindona,maluco
3189,lindona,do
3190,lindona,jeito
3191,lindona,que
3192,lindona,ela
3193,lindona,dança
3194,lindona,Quando
3195,lindona,ela
3196,lindona,"dança,"
3197,lindona,ela
3198,lindona,me
3199,lindona,encanta
3200,lindona,Chega
3201,lindona,no
3202,lindona,baile
3203,lindona,tirando
3204,lindona,onda
3205,lindona,Ela
3206,lindona,rebolando
3207,lindona,é
3208,lindona,toda
3209,lindona,lindona
3210,lindona,None
3367,na-farra-feat-wesley-safadao,Mas
3368,na-farra-feat-wesley-safadao,se
3369,na-farra-feat-wesley-safadao,tivesse
3370,na-farra-feat-wesley-safadao,em
3371,na-farra-feat-wesley-safadao,meu
3372,na-farra-feat-wesley-safadao,lugar
3373,na-farra-feat-wesley-safadao,Ia
3374,na-farra-feat-wesley-safadao,ver
3375,na-farra-feat-wesley-safadao,como
3376,na-farra-feat-wesley-safadao,que
3377,na-farra-feat-wesley-safadao,é
3378,na-farra-feat-wesley-safadao,barra
3379,na-farra-feat-wesley-safadao,Viver
3380,na-farra-feat-wesley-safadao,a
3381,na-farra-feat-wesley-safadao,vida
3382,na-farra-feat-wesley-safadao,na
3383,na-farra-feat-wesley-safadao,farra
3384,na-farra-feat-wesley-safadao,Curtindo
3385,na-farra-feat-wesley-safadao,e
3386,na-farra-feat-wesley-safadao,bebendo
3387,na-farra-feat-wesley-safadao,gela
3388,na-farra-feat-wesley-safadao,Tem
3389,na-farra-feat-wesley-safadao,que
3390,na-farra-feat-wesley-safadao,ter
3391,na-farra-feat-wesley-safadao,muita
3392,na-farra-feat-wesley-safadao,garra
3393,na-farra-feat-wesley-safadao,Do
3394,na-farra-feat-wesley-safadao,jeito
3395,na-farra-feat-wesley-safadao,que
3396,na-farra-feat-wesley-safadao,a
3397,na-farra-feat-wesley-safadao,gente
3398,na-farra-feat-wesley-safadao,gosta
3399,na-farra-feat-wesley-safadao,Quando
3400,na-farra-feat-wesley-safadao,ela
3401,na-farra-feat-wesley-safadao,"desce,"
3402,na-farra-feat-wesley-safadao,rebola
3403,na-farra-feat-wesley-safadao,Eu
3404,na-farra-feat-wesley-safadao,fico
3405,na-farra-feat-wesley-safadao,amarradão
3406,na-farra-feat-wesley-safadao,Ela
3407,na-farra-feat-wesley-safadao,me
3408,na-farra-feat-wesley-safadao,chama
3409,na-farra-feat-wesley-safadao,eu
3410,na-farra-feat-wesley-safadao,vou
3411,na-farra-feat-wesley-safadao,Não
3412,na-farra-feat-wesley-safadao,penso
3413,na-farra-feat-wesley-safadao,em
3414,na-farra-feat-wesley-safadao,nada
3415,na-farra-feat-wesley-safadao,não
3416,na-farra-feat-wesley-safadao,Depois
3417,na-farra-feat-wesley-safadao,o
3418,na-farra-feat-wesley-safadao,povo
3419,na-farra-feat-wesley-safadao,fala
3420,na-farra-feat-wesley-safadao,Que
3421,na-farra-feat-wesley-safadao,eu
3422,na-farra-feat-wesley-safadao,sou
3423,na-farra-feat-wesley-safadao,safadão
3424,na-farra-feat-wesley-safadao,É
3425,na-farra-feat-wesley-safadao,com
3426,na-farra-feat-wesley-safadao,a
3427,na-farra-feat-wesley-safadao,sanfona
3428,na-farra-feat-wesley-safadao,e
3429,na-farra-feat-wesley-safadao,o
3430,na-farra-feat-wesley-safadao,batidão
3431,na-farra-feat-wesley-safadao,Que
3432,na-farra-feat-wesley-safadao,ela
3433,na-farra-feat-wesley-safadao,gosta
3434,na-farra-feat-wesley-safadao,de
3435,na-farra-feat-wesley-safadao,descer
3436,na-farra-feat-wesley-safadao,Joga
3437,na-farra-feat-wesley-safadao,a
3438,na-farra-feat-wesley-safadao,mão
3439,na-farra-feat-wesley-safadao,"ae,"
3440,na-farra-feat-wesley-safadao,vai
3441,na-farra-feat-wesley-safadao,levante
3442,na-farra-feat-wesley-safadao,a
3443,na-farra-feat-wesley-safadao,mão
3444,na-farra-feat-wesley-safadao,Dennis
3445,na-farra-feat-wesley-safadao,DJ
3446,na-farra-feat-wesley-safadao,malandro
3447,na-farra-feat-wesley-safadao,e
3448,na-farra-feat-wesley-safadao,Wesley
3449,na-farra-feat-wesley-safadao,Safadão
3450,na-farra-feat-wesley-safadao,É
3451,na-farra-feat-wesley-safadao,com
3452,na-farra-feat-wesley-safadao,a
3453,na-farra-feat-wesley-safadao,sanfona
3454,na-farra-feat-wesley-safadao,e
3455,na-farra-feat-wesley-safadao,o
3456,na-farra-feat-wesley-safadao,batidão
3457,na-farra-feat-wesley-safadao,Que
3458,na-farra-feat-wesley-safadao,ela
3459,na-farra-feat-wesley-safadao,gosta
3460,na-farra-feat-wesley-safadao,de
3461,na-farra-feat-wesley-safadao,descer
3462,na-farra-feat-wesley-safadao,Joga
3463,na-farra-feat-wesley-safadao,a
3464,na-farra-feat-wesley-safadao,mão
3465,na-farra-feat-wesley-safadao,"ae,"
3466,na-farra-feat-wesley-safadao,vai
3467,na-farra-feat-wesley-safadao,levante
3468,na-farra-feat-wesley-safadao,a
3469,na-farra-feat-wesley-safadao,mão
3470,na-farra-feat-wesley-safadao,Dennis
3471,na-farra-feat-wesley-safadao,DJ
3472,na-farra-feat-wesley-safadao,malandro
3473,na-farra-feat-wesley-safadao,e
3474,na-farra-feat-wesley-safadao,Wesley
3475,na-farra-feat-wesley-safadao,Safadão
3476,na-farra-feat-wesley-safadao,E
3477,na-farra-feat-wesley-safadao,fica
3478,na-farra-feat-wesley-safadao,toda
3479,na-farra-feat-wesley-safadao,molhadinha
3480,na-farra-feat-wesley-safadao,Vem
3481,na-farra-feat-wesley-safadao,pro
3482,na-farra-feat-wesley-safadao,after
3483,na-farra-feat-wesley-safadao,gatinha
3484,na-farra-feat-wesley-safadao,Vem
3485,na-farra-feat-wesley-safadao,pro
3486,na-farra-feat-wesley-safadao,after
3487,na-farra-feat-wesley-safadao,gatinha
3488,na-farra-feat-wesley-safadao,Mas
3489,na-farra-feat-wesley-safadao,se
3490,na-farra-feat-wesley-safadao,tivesse
3491,na-farra-feat-wesley-safadao,em
3492,na-farra-feat-wesley-safadao,meu
3493,na-farra-feat-wesley-safadao,lugar
3494,na-farra-feat-wesley-safadao,Ia
3495,na-farra-feat-wesley-safadao,ver
3496,na-farra-feat-wesley-safadao,como
3497,na-farra-feat-wesley-safadao,que
3498,na-farra-feat-wesley-safadao,é
3499,na-farra-feat-wesley-safadao,barra
3500,na-farra-feat-wesley-safadao,Viver
3501,na-farra-feat-wesley-safadao,a
3502,na-farra-feat-wesley-safadao,vida
3503,na-farra-feat-wesley-safadao,na
3504,na-farra-feat-wesley-safadao,farra
3505,na-farra-feat-wesley-safadao,Curtindo
3506,na-farra-feat-wesley-safadao,e
3507,na-farra-feat-wesley-safadao,bebendo
3508,na-farra-feat-wesley-safadao,gela
3509,na-farra-feat-wesley-safadao,Tem
3510,na-farra-feat-wesley-safadao,que
3511,na-farra-feat-wesley-safadao,ter
3512,na-farra-feat-wesley-safadao,muita
3513,na-farra-feat-wesley-safadao,garra
3514,na-farra-feat-wesley-safadao,Do
3515,na-farra-feat-wesley-safadao,jeito
3516,na-farra-feat-wesley-safadao,que
3517,na-farra-feat-wesley-safadao,a
3518,na-farra-feat-wesley-safadao,gente
3519,na-farra-feat-wesley-safadao,gosta
3520,na-farra-feat-wesley-safadao,Quando
3521,na-farra-feat-wesley-safadao,ela
3522,na-farra-feat-wesley-safadao,"desce,"
3523,na-farra-feat-wesley-safadao,rebola
3524,na-farra-feat-wesley-safadao,Eu
3525,na-farra-feat-wesley-safadao,fico
3526,na-farra-feat-wesley-safadao,amarradão
3527,na-farra-feat-wesley-safadao,Ela
3528,na-farra-feat-wesley-safadao,me
3529,na-farra-feat-wesley-safadao,chama
3530,na-farra-feat-wesley-safadao,eu
3531,na-farra-feat-wesley-safadao,vou
3532,na-farra-feat-wesley-safadao,Não
3533,na-farra-feat-wesley-safadao,penso
3534,na-farra-feat-wesley-safadao,em
3535,na-farra-feat-wesley-safadao,nada
3536,na-farra-feat-wesley-safadao,não
3537,na-farra-feat-wesley-safadao,Depois
3538,na-farra-feat-wesley-safadao,o
3539,na-farra-feat-wesley-safadao,povo
3540,na-farra-feat-wesley-safadao,fala
3541,na-farra-feat-wesley-safadao,Que
3542,na-farra-feat-wesley-safadao,eu
3543,na-farra-feat-wesley-safadao,sou
3544,na-farra-feat-wesley-safadao,safadão
3545,na-farra-feat-wesley-safadao,É
3546,na-farra-feat-wesley-safadao,com
3547,na-farra-feat-wesley-safadao,a
3548,na-farra-feat-wesley-safadao,sanfona
3549,na-farra-feat-wesley-safadao,e
3550,na-farra-feat-wesley-safadao,o
3551,na-farra-feat-wesley-safadao,batidão
3552,na-farra-feat-wesley-safadao,Que
3553,na-farra-feat-wesley-safadao,ela
3554,na-farra-feat-wesley-safadao,gosta
3555,na-farra-feat-wesley-safadao,de
3556,na-farra-feat-wesley-safadao,descer
3557,na-farra-feat-wesley-safadao,Joga
3558,na-farra-feat-wesley-safadao,a
3559,na-farra-feat-wesley-safadao,mão
3560,na-farra-feat-wesley-safadao,"ae,"
3561,na-farra-feat-wesley-safadao,vai
3562,na-farra-feat-wesley-safadao,levante
3563,na-farra-feat-wesley-safadao,a
3564,na-farra-feat-wesley-safadao,mão
3565,na-farra-feat-wesley-safadao,Dennis
3566,na-farra-feat-wesley-safadao,DJ
3567,na-farra-feat-wesley-safadao,malandro
3568,na-farra-feat-wesley-safadao,e
3569,na-farra-feat-wesley-safadao,Wesley
3570,na-farra-feat-wesley-safadao,Safadão
3571,na-farra-feat-wesley-safadao,E
3572,na-farra-feat-wesley-safadao,fica
3573,na-farra-feat-wesley-safadao,toda
3574,na-farra-feat-wesley-safadao,molhadinha
3575,na-farra-feat-wesley-safadao,Vem
3576,na-farra-feat-wesley-safadao,pro
3577,na-farra-feat-wesley-safadao,after
3578,na-farra-feat-wesley-safadao,gatinha
3579,na-farra-feat-wesley-safadao,Vem
3580,na-farra-feat-wesley-safadao,pro
3581,na-farra-feat-wesley-safadao,after
3582,na-farra-feat-wesley-safadao,gatinha
3583,na-farra-feat-wesley-safadao,E
3584,na-farra-feat-wesley-safadao,fica
3585,na-farra-feat-wesley-safadao,toda
3586,na-farra-feat-wesley-safadao,molhadinha
3587,na-farra-feat-wesley-safadao,Vem
3588,na-farra-feat-wesley-safadao,pro
3589,na-farra-feat-wesley-safadao,after
3590,na-farra-feat-wesley-safadao,gatinha
3591,na-farra-feat-wesley-safadao,Vem
3592,na-farra-feat-wesley-safadao,pro
3593,na-farra-feat-wesley-safadao,after
3594,na-farra-feat-wesley-safadao,None
3626,por-cima,Samba
3627,por-cima,que
3628,por-cima,é
3629,por-cima,uma
3630,por-cima,beleza
3631,por-cima,Se
3632,por-cima,tá
3633,por-cima,no
3634,por-cima,sertanejo
3635,por-cima,Não
3636,por-cima,dá
3637,por-cima,mole
3638,por-cima,pra
3639,por-cima,sofrência
3640,por-cima,Não
3641,por-cima,pode
3642,por-cima,escutar
3643,por-cima,nada
3644,por-cima,que
3645,por-cima,ela
3646,por-cima,já
3647,por-cima,sabe
3648,por-cima,cantar
3649,por-cima,Se
3650,por-cima,tá
3651,por-cima,tocando
3652,por-cima,Dennis
3653,por-cima,ela
3654,por-cima,vai
3655,por-cima,se
3656,por-cima,acabar
3657,por-cima,Eu
3658,por-cima,queria
3659,por-cima,arrumar
3660,por-cima,uma
3661,por-cima,melodia
3662,por-cima,na
3663,por-cima,"parte,"
3664,por-cima,tipo
3665,por-cima,Quando
3666,por-cima,eu
3667,por-cima,entrar
3668,por-cima,pro
3669,por-cima,refrão
3670,por-cima,Tu
3671,por-cima,vai
3672,por-cima,"quicar,"
3673,por-cima,tu
3674,por-cima,fica
3675,por-cima,Tu
3676,por-cima,gosta
3677,por-cima,é
3678,por-cima,de
3679,por-cima,sentar
3680,por-cima,por
3681,por-cima,cima
3682,por-cima,None
3885,quando-ele-pede,Se
3886,quando-ele-pede,concentra
3887,quando-ele-pede,e
3888,quando-ele-pede,deixa
3889,quando-ele-pede,O
3890,quando-ele-pede,som
3891,quando-ele-pede,te
3892,quando-ele-pede,acompanhar
3893,quando-ele-pede,"Desliza,"
3894,quando-ele-pede,na
3895,quando-ele-pede,onda
3896,quando-ele-pede,Quando
3897,quando-ele-pede,o
3898,quando-ele-pede,Dennis
3899,quando-ele-pede,tocar
3900,quando-ele-pede,"Rebola,"
3901,quando-ele-pede,empina
3902,quando-ele-pede,Não
3903,quando-ele-pede,pare
3904,quando-ele-pede,de
3905,quando-ele-pede,dançar
3906,quando-ele-pede,Se
3907,quando-ele-pede,concentra
3908,quando-ele-pede,e
3909,quando-ele-pede,deixa
3910,quando-ele-pede,O
3911,quando-ele-pede,som
3912,quando-ele-pede,te
3913,quando-ele-pede,acompanhar
3914,quando-ele-pede,"Desliza,"
3915,quando-ele-pede,na
3916,quando-ele-pede,onda
3917,quando-ele-pede,Quando
3918,quando-ele-pede,o
3919,quando-ele-pede,Dennis
3920,quando-ele-pede,tocar
3921,quando-ele-pede,"Rebola,"
3922,quando-ele-pede,empina
3923,quando-ele-pede,Não
3924,quando-ele-pede,pare
3925,quando-ele-pede,de
3926,quando-ele-pede,dançar
3927,quando-ele-pede,Eu
3928,quando-ele-pede,mexo
3929,quando-ele-pede,com
3930,quando-ele-pede,a
3931,quando-ele-pede,bunda
3932,quando-ele-pede,Rebolo
3933,quando-ele-pede,com
3934,quando-ele-pede,a
3935,quando-ele-pede,bunda
3936,quando-ele-pede,Começo
3937,quando-ele-pede,empinar
3938,quando-ele-pede,Eu
3939,quando-ele-pede,mexo
3940,quando-ele-pede,com
3941,quando-ele-pede,a
3942,quando-ele-pede,bunda
3943,quando-ele-pede,Rebolo
3944,quando-ele-pede,com
3945,quando-ele-pede,a
3946,quando-ele-pede,bunda
3947,quando-ele-pede,Começo
3948,quando-ele-pede,empinar
3949,quando-ele-pede,Eu
3950,quando-ele-pede,mexo
3951,quando-ele-pede,com
3952,quando-ele-pede,a
3953,quando-ele-pede,bunda
3954,quando-ele-pede,Rebolo
3955,quando-ele-pede,com
3956,quando-ele-pede,a
3957,quando-ele-pede,bunda
3958,quando-ele-pede,Começo
3959,quando-ele-pede,empinar
3960,quando-ele-pede,Pro
3961,quando-ele-pede,meu
3962,quando-ele-pede,bumbum
3963,quando-ele-pede,balançar
3964,quando-ele-pede,Eu
3965,quando-ele-pede,mexo
3966,quando-ele-pede,com
3967,quando-ele-pede,a
3968,quando-ele-pede,bunda
3969,quando-ele-pede,Rebolo
3970,quando-ele-pede,com
3971,quando-ele-pede,a
3972,quando-ele-pede,bunda
3973,quando-ele-pede,Começo
3974,quando-ele-pede,empinar
3975,quando-ele-pede,Mexe
3976,quando-ele-pede,com
3977,quando-ele-pede,a
3978,quando-ele-pede,bunda
3979,quando-ele-pede,Rebola
3980,quando-ele-pede,com
3981,quando-ele-pede,a
3982,quando-ele-pede,bunda
3983,quando-ele-pede,E
3984,quando-ele-pede,começa
3985,quando-ele-pede,a
3986,quando-ele-pede,empinar
3987,quando-ele-pede,None
